[
  {
    "node":"1",
    "neighbors":[2],
    "ip":"10.0.0.10",
    "port":"8888"
  },
  {
    "node":"2",
    "neighbors":[1,3,7],
    "ip":"10.0.0.1",
    "port":"8000"
  },
  {
    "node":"3",
    "neighbors":[2,4,5],
    "ip":"10.0.1.2",
    "port":"8080"
  },
  {
    "node":"4",
    "neighbors":[3],
    "ip":"10.0.20.21",
    "port":"8090"
  },
  {
    "node":"5",
    "neighbors":[3,6,7,10,11],
    "ip":"10.0.3.2",
    "port":"8091"
  },
  {
    "node":"6",
    "neighbors":[5,7,9],
    "ip":"10.0.6.1",
    "port":"8092"
  },
  {
    "node":"7",
    "neighbors":[2,5,6,8],
    "ip":"10.0.16.2",
    "port":"8093"
  },
  {
    "node":"8",
    "neighbors":[7],
    "ip":"10.0.18.20",
    "port":"8094"
  },
  {
    "node":"9",
    "neighbors":[6],
    "ip":"10.0.17.20",
    "port":"8095"
  },
  {
    "node":"10",
    "neighbors":[5],
    "ip":"10.0.19.21",
    "port":"8096"
  },
  {
    "node":"11",
    "neighbors":[5],
    "ip":"10.0.19.20",
    "port":"8097"
  }
]