[
  {
    "node":"1",
    "neighbors":[2],
    "ip":"10.0.0.10",
    "port":"8888"
  },
  {
    "node":"2",
    "neighbors":[1,3,4],
    "ip":"10.0.0.1",
    "port":"8000"
  },
  {
    "node":"3",
    "neighbors":[2,4,5],
    "ip":"10.0.2.2",
    "port":"8080"
  },
  {
    "node":"4",
    "neighbors":[2,3,6],
    "ip":"10.0.4.1",
    "port":"8090"
  },
  {
    "node":"5",
    "neighbors":[3],
    "ip":"10.0.1.20",
    "port":"8091"
  },
  {
    "node":"6",
    "neighbors":[4],
    "ip":"10.0.5.20",
    "port":"8092"
  }
]
